before,after
ぷっちょ袋 ソーダ味 67g×12袋,ぷっちょ ソーダ
ぷっちょ袋 グレープ味 67g×12袋,ぷっちょ グレープ
ぷっちょ袋 コーラ味 67g×12袋,ぷっちょ コーラ
ぷっちょ ストロベリー 67g 6袋セット,ぷっちょ ストロベリー
ぷっちょ グレープ味 58g×6袋,ぷっちょ グレープ
ぷっちょ ソーダ味 58g×12個,ぷっちょ ソーダ
ぷっちょ 詰め合わせ 12袋,ぷっちょ
ぷっちょ袋 67g 12セット 送料無料,ぷっちょ
ぷっちょ ソーダ味 大容量 67g×6袋,ぷっちょ ソーダ
ぷっちょ グレープ味 大容量 67g×6袋,ぷっちょ グレープ
ポテトチップス うすしお味 60g×12袋,ポテトチップス うすしお味
ポテトチップス うすしお 60g 6袋セット,ポテトチップス うすしお
ポテトチップス コンソメパンチ 60g×12袋,ポテトチップス コンソメパンチ
ポテトチップス コンソメ味 60g 6袋,ポテトチップス コンソメ
ポテトチップス のり塩 60g×12個,ポテトチップス のり塩
ポテトチップス のりしお味 60g 6袋セット,ポテトチップス のり塩
ポテトチップス 九州しょうゆ味 58g×12袋,ポテトチップス 九州しょうゆ
ポテトチップス 関西だししょうゆ 58g×12袋,ポテトチップス 関西だししょうゆ
ポテトチップス フレンチサラダ味 60g×6袋,ポテトチップス フレンチサラダ
ポテトチップス シーフード味 60g×12袋,ポテトチップス シーフード
キットカット ミニ 14枚入り×12袋,キットカット
キットカット ミニ 12枚 大容量,キットカット
キットカット ミニ オトナの甘さ 12枚,キットカット オトナの甘さ
キットカット オトナの甘さ 10枚×12袋,キットカット オトナの甘さ
キットカット ミニ 抹茶 12枚入り,キットカット 抹茶
キットカット ミニ 抹茶味 12袋セット,キットカット 抹茶
キットカット ミニ ストロベリー 11枚,キットカット ストロベリー
キットカット ミニ チョコレート 14枚×6袋,キットカット
チョコボール ピーナッツ 28g×20個,チョコボール ピーナッツ
チョコボール ピーナッツ味 28g 10個セット,チョコボール ピーナッツ
チョコボール キャラメル 28g×20箱,チョコボール キャラメル
チョコボール キャラメル味 28g 10個,チョコボール キャラメル
チョコボール いちご 25g×10箱,チョコボール いちご
チョコボール いちご味 25g 10個セット,チョコボール いちご
カントリーマアム バニラ 16枚入り,カントリーマアム バニラ
カントリーマアム ココア 16枚入り,カントリーマアム ココア
カントリーマアム バニラ＆ココア 20枚,カントリーマアム
カントリーマアム バニラ 20枚×6袋,カントリーマアム バニラ
カントリーマアム ココア味 20枚×6袋,カントリーマアム ココア
たけのこの里 70g×10箱,たけのこの里
たけのこの里 チョコレート 70g 10個セット,たけのこの里
たけのこの里 大容量 70g×12個,たけのこの里
きのこの山 74g×10箱,きのこの山
きのこの山 チョコレート 74g 10個セット,きのこの山
きのこの山 大容量 74g×12個,きのこの山
アルフォート ミルクチョコレート 12枚,アルフォート ミルクチョコレート
アルフォート リッチミルク 12枚×10箱,アルフォート リッチミルク
ブラックサンダー 1本×20個,ブラックサンダー
ブラックサンダー 至福のバター 1本×20個,ブラックサンダー 至福のバター
ブラックサンダー 抹茶 1本×20個,ブラックサンダー 抹茶
お徳用　源氏パイ　22枚入　1袋　三立製菓（株）,お徳用　源氏パイ　22枚入
水 500ml×48本 ミネラルウォーター【 彩水 -あやみず- 】軟水 天然水 ペットボトル ラベルレス お水,ミネラルウォーター【 彩水 -あやみず- 】
東ハト ハーベスト バタートースト 32枚×12袋入｜ 送料別,東ハト ハーベスト バタートースト
